title,link,word_count,date,author,comments_count,notes
How to Grow from Your Pain,https://markmanson.net/how-to-grow-from-your-pain,1990,"October 26, 2017",Mark Manson,,
The Fear of Missing Out: Or How I Learned to Stop Worrying and Love Instagram,https://markmanson.net/fear-of-missing-out,2001,"November 16, 2017",Mark Manson,,
Fuck Your Feelings,https://markmanson.net/fuck-your-feelings,2239,"November 30, 2017",Mark Manson,,
6 Things People Should Give Fewer Fucks About,https://markmanson.net/6-things-people-should-stop-giving-so-many-fucks-about,3514,"April 5, 2018",Mark Manson,,
5 Best Books for Dealing with Anxiety and Depression,https://markmanson.net/5-books-for-dealing-with-anxiety-and-depression,1821,"December 27, 2017",Mark Manson,,
How to Let Go: Learning to Deal with Loss,https://markmanson.net/how-to-let-go,4781,"January 25, 2018",Mark Manson,,
"I, For One, Welcome Our AI Overlords",https://markmanson.net/artificial-intelligence,2935,"June 16, 2016",Mark Manson,,
How to Grow the Fuck Up: A Guide to Humans,https://markmanson.net/how-to-grow-up,7360,"March 1, 2018",Mark Manson,,
9 Steps to Hating Yourself a Little Less,https://markmanson.net/hate-yourself,1972,"June 30, 2016",Mark Manson,,
The Feedback Loop from Hell,https://markmanson.net/feedback-loop-from-hell,1659,"August 24, 2016",Mark Manson,,
3 Important Life Skills Nobody Ever Taught You,https://markmanson.net/life-skills,2129,"October 20, 2016",Mark Manson,,
The American Dream Is Killing Us,https://markmanson.net/american-dream,4171,"October 27, 2016",Mark Manson,,
"1,500 People Give All the Relationship Advice You'll Ever Need",https://markmanson.net/relationship-advice,8673,"December 8, 2016",Mark Manson,,
This Is Water,https://markmanson.net/this-is-water,3838,"August 9, 2010",Mark Manson,,
Compatibility and Chemistry in Relationships,https://markmanson.net/compatibility-and-chemistry,1724,"December 17, 2010",Mark Manson,,
The Three Loves Theory,https://markmanson.net/three-loves-theory,1096,"January 21, 2011",Mark Manson,,
The Levels of Eye Contact,https://markmanson.net/the-levels-of-eye-contact,2077,"September 5, 2011",Mark Manson,,
Power in Vulnerability,https://markmanson.net/power-in-vulnerability,1509,"July 7, 2011",Mark Manson,,
My Girlfriend Just Dumped Me,https://markmanson.net/how-to-get-over-a-girl,1947,"November 17, 2011",Mark Manson,,
How to Give Advice Without Being a Condescending Asshole,https://markmanson.net/how-to-give-advice,1110,"August 20, 2011",Mark Manson,,
A Dust Over India,https://markmanson.net/a-dust-over-india,4219,"December 6, 2011",Mark Manson,,
Attachment Theory,https://markmanson.net/attachment-theory,2007,"December 12, 2011",Mark Manson,,
"The ""Do Something"" Principle",https://markmanson.net/do-something,1185,"December 26, 2011",Mark Manson,,
The Simple Joys are the Most Meaningful,https://markmanson.net/joy-and-meaning,1505,"February 21, 2012",Mark Manson,,
Living In The Age of Outrage,https://markmanson.net/outrage,1669,"June 2, 2016",Mark Manson,,
Are You An Emotional Vampire?,https://markmanson.net/are-you-an-emotional-vampire,2274,"March 28, 2012",Mark Manson,,
Pornography Can Ruin Your Sex Life,https://markmanson.net/pornography-can-ruin-your-sex-life,1433,"March 26, 2012",Mark Manson,,
"Is It Just Me, Or Is the World Going Crazy?",https://markmanson.net/crazy-world,2484,"July 28, 2016",Mark Manson,,
The Future of Self,https://markmanson.net/future-of-self,3081,"June 9, 2016",Mark Manson,,
The Zen Dilemma,https://markmanson.net/the-zen-dilemma,948,"September 19, 2010",Mark Manson,,
Meditation: Why You Should Do It,https://markmanson.net/meditation,2148,"April 13, 2012",Mark Manson,,
Do You Need Therapy?,https://markmanson.net/therapy,1369,"April 23, 2012",Mark Manson,,
Diversify Your Identity,https://markmanson.net/diversify-your-identity,1870,"May 14, 2012",Mark Manson,,
It's Complicated: Why Relationships and Dating Can Be So Hard,https://markmanson.net/why-dating-is-so-hard,3008,"June 11, 2012",Mark Manson,,
Your Honest-to-God Guide to STDs,https://markmanson.net/std-guide,3206,"October 31, 2011",Mark Manson,,
Interviewing Like a Boss,https://markmanson.net/interviewing-like-a-boss,2409,"December 2, 2011",Mark Manson,,
10 Reasons Why You Fail,https://markmanson.net/why-you-fail,2669,"August 20, 2012",Mark Manson,,
10 Things Most Americans Don't Know About America,https://markmanson.net/america,3425,"July 10, 2012",Mark Manson,,
The Prime Belief,https://markmanson.net/the-prime-belief,1204,"September 3, 2012",Mark Manson,,
The Borders of Sexual Harassment,https://markmanson.net/sexual-harassment,2027,"October 19, 2012",Mark Manson,,
The Guide to Being Miserable,https://markmanson.net/the-guide-to-being-miserable,1605,"November 9, 2012",Mark Manson,,
How to 80/20 Your Life,https://markmanson.net/80-20-your-life,918,"November 30, 2012",Mark Manson,,
The Rise And Fall of Ken Wilber,https://markmanson.net/ken-wilber,2892,"June 4, 2012",Mark Manson,,
22 Tips For Learning A Foreign Language,https://markmanson.net/foreign-language,2875,"May 24, 2012",Mark Manson,,
Vulnerability and Avoiding Manipulative Relationships,https://markmanson.net/manipulative-relationships,3974,"December 28, 2012",Mark Manson,,
The Dismal State of Flirting in English-Speaking Cultures,https://markmanson.net/the-dismal-state-of-flirting-in-english-speaking-cultures,2290,"January 4, 2013",Mark Manson,,
The Guide to Strong Boundaries,https://markmanson.net/boundaries,3032,"January 14, 2013",Mark Manson,,
You're Okay,https://markmanson.net/youre-okay,929,"January 17, 2013",Mark Manson,,
How To Quit Your Day Job And Travel The World,https://markmanson.net/how-to-quit-your-job-and-travel-the-world,2954,"July 14, 2012",Mark Manson,,
20 Paradoxes That Are True,https://markmanson.net/paradoxes-that-are-true,1148,"February 6, 2013",Mark Manson,,
The Theory of Meta-Awesomeness,https://markmanson.net/meta-awesomeness,1057,"August 29, 2012",Mark Manson,,
How to Make Your Own Luck,https://markmanson.net/how-to-make-your-own-luck,1811,"August 13, 2012",Mark Manson,,
Minimalism,https://markmanson.net/minimalism,2313,"June 14, 2012",Mark Manson,,
Your Two Minds,https://markmanson.net/your-two-minds,2099,"December 7, 2012",Mark Manson,,
How to Break Up Gracefully,https://markmanson.net/how-to-break-up-with-someone,2578,"February 14, 2013",Mark Manson,,
5 Life Lessons I Learned From Playing Guitar,https://markmanson.net/playing-guitar,1470,"March 14, 2013",Mark Manson,,
33 Things Every Aspiring Entrepreneur Should Know,https://markmanson.net/33-things-every-aspiring-entrepreneur-should-know,2339,"March 11, 2013",Mark Manson,,
Why People Commit Suicide,https://markmanson.net/suicide,2679,"February 11, 2013",Mark Manson,,
The One Trait to Look For In A Partner,https://markmanson.net/one-trait,916,"April 4, 2013",Mark Manson,,
Sex and Our Psychological Needs,https://markmanson.net/sex-and-our-psychological-needs,1437,"April 11, 2013",Mark Manson,,
How Terrorism Works,https://markmanson.net/terrorism,1116,"April 16, 2013",Mark Manson,,
5 Problems with the Self-Help Industry,https://markmanson.net/self-help,1541,"December 12, 2012",Mark Manson,,
Shut Up and Be Grateful,https://markmanson.net/shut-up-and-be-grateful,1219,"December 17, 2012",Mark Manson,,
Change Your Mind About Dating,https://markmanson.net/change-your-mind,663,"May 28, 2013",Mark Manson,,
The Vulnerability Primer,https://markmanson.net/vulnerability,1493,"April 23, 2013",Mark Manson,,
The Dark Side of the Digital Nomad,https://markmanson.net/digital-nomad,1729,"July 10, 2013",Mark Manson,,
12 Stupid Things People Care About Way Too Much,https://markmanson.net/stupid-things,2161,"July 17, 2013",Mark Manson,,
Fuck Yes or No,https://markmanson.net/fuck-yes,1829,"July 8, 2013",Mark Manson,,
6 Toxic Relationship Habits Most People Think Are Normal,https://markmanson.net/toxic-relationship-habits,2099,"August 8, 2013",Mark Manson,,
Why Everyone on the Internet Is an Asshole,https://markmanson.net/internet,1595,"August 15, 2013",Mark Manson,,
Why Everyone You Date Is A Psycho,https://markmanson.net/psycho,688,"April 2, 2013",Mark Manson,,
You Already Have Everything You Need,https://markmanson.net/everything-you-need,662,"July 29, 2013",Mark Manson,,
How to Date an Emotionally Stable and Amazing Person,https://markmanson.net/amazing-person,857,"April 3, 2013",Mark Manson,,
Winning the Mental Battle of Weight Loss: How One Man Lost 266 Pounds,https://markmanson.net/weight-loss,3263,"August 29, 2013",Mark Manson,,
How Do You Measure Your Life?,https://markmanson.net/measure-your-life,1993,"September 5, 2013",Mark Manson,,
7 Things Sex Education Should Have Taught Us But Didn't,https://markmanson.net/sex-education,1802,"October 2, 2013",Mark Manson,,
Stop Trying To Be Happy,https://markmanson.net/stop-trying-to-be-happy,1757,"October 10, 2013",Mark Manson,,
9 Subtle Lies We All Tell Ourselves,https://markmanson.net/9-subtle-lies-we-all-tell-ourselves,1913,"October 30, 2013",Mark Manson,,
The Most Important Question of Your Life,https://markmanson.net/question,1572,"November 6, 2013",Mark Manson,,
Why I'm Wrong About Everything (And So Are You),https://markmanson.net/wrong-about-everything,1351,"November 21, 2013",Mark Manson,,
How Disney Ruined Sex For Everyone,https://markmanson.net/disney,1922,"May 16, 2013",Mark Manson,,
How We Judge Others is How We Judge Ourselves,https://markmanson.net/how-we-judge-others,1412,"January 9, 2014",Mark Manson,,
3 Simple Explanations for Why You're Still Single,https://markmanson.net/still-single,1364,"February 13, 2014",Mark Manson,,
Why Some Dreams Should Not Be Pursued,https://markmanson.net/dreams,2621,"July 22, 2013",Mark Manson,,
Being Special Isn't So Special,https://markmanson.net/being-special,1336,"August 22, 2013",Mark Manson,,
Find What You Love and Let It Kill You,https://markmanson.net/find-what-you-love,1339,"September 19, 2013",Mark Manson,,
10 Life Lessons to Excel in Your 30s,https://markmanson.net/10-life-lessons-excel-30s,3963,"March 20, 2014",Mark Manson,,
Love is Not Enough,https://markmanson.net/love,2011,"July 3, 2014",Mark Manson,,
6 Healthy Relationship Habits Most People Think Are Toxic,https://markmanson.net/healthy-relationship-habits,3059,"May 8, 2014",Mark Manson,,
5 Life Lessons From 5 Years of Traveling the World,https://markmanson.net/5-life-lessons-5-years-traveling-world,2825,"September 3, 2014",Mark Manson,,
It's Not All Your Parents' Fault,https://markmanson.net/parents,1967,"August 28, 2014",Mark Manson,,
How We All Miss the Point on School Shootings,https://markmanson.net/school-shootings,2903,"May 27, 2014",Mark Manson,,
7 Strange Questions That Help You Find Your Life Purpose,https://markmanson.net/life-purpose,2735,"September 18, 2014",Mark Manson,,
How To Break Hearts and Risk Losing Everything,https://markmanson.net/risk,1865,"October 16, 2014",Mark Manson,,
3 Things School Taught You Without You Even Realizing It,https://markmanson.net/school,1838,"December 11, 2013",Mark Manson,,
"In The Future, Our Attention Will Be Sold",https://markmanson.net/attention,3354,"December 4, 2014",Mark Manson,,
63 Steps to Survive The Worst Moments of Your Life,https://markmanson.net/worst-moments-of-your-life,1662,"November 6, 2014",Mark Manson,,
The Hidden Costs of Happiness,https://markmanson.net/hidden-costs-of-happiness,1473,"February 20, 2014",Mark Manson,,
"The Staggering Bullshit of ""The Secret""",https://markmanson.net/the-secret,2736,"February 26, 2015",Mark Manson,,
The Subtle Art of Not Giving a Fuck,https://markmanson.net/not-giving-a-fuck,2404,"January 8, 2015",Mark Manson,,
10 Life Lessons I Learned from Surviving My 20s,https://markmanson.net/surviving-my-20s,2655,"March 6, 2014",Mark Manson,,
The Confidence Conundrum,https://markmanson.net/how-to-be-confident,990,"March 12, 2015",Mark Manson,,
7 Books That Will Change How You See The World,https://markmanson.net/7-books,3381,"April 2, 2015",Mark Manson,,
Why People Cheat in Relationships,https://markmanson.net/why-people-cheat,2566,"April 23, 2015",Mark Manson,,
The Four Stages of Life,https://markmanson.net/four-stages-of-life,2463,"May 21, 2015",Mark Manson,,
In Defense of Being Average,https://markmanson.net/being-average,2435,"June 18, 2015",Mark Manson,,
Everything You Wanted to Know about Procrastination but Were Too Lazy to Figure Out,https://markmanson.net/why-you-procrastinate,2642,"July 12, 2015",Mark Manson,,
5 Things That Should Be Taught in Every School,https://markmanson.net/taught-in-school,2180,"July 20, 2015",Mark Manson,,
How to Survive a Long Distance Relationship,https://markmanson.net/long-distance-relationships,2272,"August 6, 2015",Mark Manson,,
How to Start a Cult and Save the World,https://markmanson.net/how-to-start-a-cult-and-save-the-world,3643,"August 20, 2015",Mark Manson,,
"No, You Can't Have It All",https://markmanson.net/you-cant-have-it-all,1451,"October 2, 2014",Mark Manson,,
Romance Is Like Alcohol,https://markmanson.net/romance,1166,"September 17, 2015",Mark Manson,,
Screw Finding Your Passion,https://markmanson.net/passion,1445,"October 22, 2015",Mark Manson,,
Why I Have a Potty Mouth,https://markmanson.net/potty-mouth,2078,"November 23, 2015",Mark Manson,,
Shut Up and Be Patient,https://markmanson.net/be-patient,2142,"December 17, 2015",Mark Manson,,
Your Goals Are Overrated,https://markmanson.net/goals,5410,"January 7, 2016",Mark Manson,,
An Open Letter To Brazil,https://markmanson.net/brazil,2254,"February 11, 2016",Mark Manson,,
Maybe You Don't Know What Love Is,https://markmanson.net/what-love-is,2292,"March 17, 2016",Mark Manson,,
Why You Can't Trust Yourself,https://markmanson.net/trust,2899,"May 5, 2016",Mark Manson,,
11 Shitty Things We All Do But Never Admit,https://markmanson.net/11-shitty-things-we-all-do,2424,"January 19, 2017",Mark Manson,,
The Responsibility/Fault Fallacy,https://markmanson.net/responsibility-fault-fallacy,1882,"January 26, 2017",Mark Manson,,
6 Books that Make You Less of a Horrible Person,https://markmanson.net/6-books,3092,"December 15, 2016",Mark Manson,,
The Disease of More,https://markmanson.net/disease-of-more,2046,"February 9, 2017",Mark Manson,,
Everything Is Fucked and I'm Pretty Sure It's the Internet's Fault,https://markmanson.net/everything-is-fucked,1766,"February 23, 2017",Mark Manson,,
How Your Insecurity Is Bought and Sold,https://markmanson.net/insecurity,1842,"March 31, 2016",Mark Manson,,
Smartphones Are the New Cigarettes,https://markmanson.net/smartphones,1743,"April 13, 2017",Mark Manson,,
Life Is a Video Game--Here Are the Cheat Codes,https://markmanson.net/life-cheat-codes,3212,"March 30, 2017",Mark Manson,,
The Surprising Benefits of Being (Slightly) Crazy,https://markmanson.net/benefits-of-being-slightly-crazy,2500,"April 27, 2017",Mark Manson,,
The Virtue of Doubt,https://markmanson.net/doubt,2201,"May 19, 2016",Mark Manson,,
The Meaning of Life Is a Ham Sandwich,https://markmanson.net/the-meaning-of-life,1629,"March 9, 2017",Mark Manson,,
How To Be More Productive by Working Less,https://markmanson.net/how-to-be-more-productive,3027,"May 12, 2017",Mark Manson,,
What's the Problem with Men?,https://markmanson.net/whats-the-problem-with-men,3630,"June 1, 2017",Mark Manson,,
What's the Point of Self-Improvement Anyway?,https://markmanson.net/self-improvement,1062,"July 20, 2017",Mark Manson,,
A Brief History of Romantic Love and Why It Kind of Sucks,https://markmanson.net/romantic-love,2142,"August 17, 2017",Mark Manson,,
What's the Problem with Feminism?,https://markmanson.net/whats-the-problem-with-feminism,2161,"June 22, 2017",Mark Manson,,
The Real Value of Money,https://markmanson.net/the-real-value-of-money,1308,"October 5, 2017",Mark Manson,,
Happiness Is Not Enough,https://markmanson.net/happiness-is-not-enough,1895,"September 14, 2017",Mark Manson,,
